1,14.843
2,11.560
3,117.061
4,13.857
5,19.952
6,70.404
7,15.103
8,15.571
9,59.968
10,13.169
11,14.182
12,64.097
13,12.476
14,14.857
15,84.464
16,13.617
17,17.124
18,59.922
19,12.210
20,15.711
21,71.529
22,16.223
23,13.956
24,36.370
25,11.731
26,16.761
27,82.670
28,13.298
29,13.921
30,52.454
31,14.189
32,16.254
33,67.483
34,12.504
35,14.346
36,38.295
37,11.519
38,13.183
39,68.140
40,12.232
41,13.319
42,35.963
43,11.750
44,12.290
45,67.367
46,12.371
47,12.669
48,36.048
49,11.345
50,12.814
51,67.739
52,13.608
53,14.019
54,50.946
55,14.121
56,13.296
57,82.631
58,11.954
59,12.954
60,36.544
61,10.337
62,14.018
63,84.054
64,11.990
65,14.262
66,21.526
67,11.807
68,12.915
69,67.731
70,14.780
71,14.557
72,21.643
73,12.371
74,13.034
75,52.280
76,16.949
77,18.675
78,19.146
79,11.779
80,12.268
81,35.454
82,11.532
83,12.618
84,20.262
85,12.788
86,16.212
87,36.876
88,12.677
89,12.561
90,17.253
91,11.734
92,13.130
93,35.704
94,12.557
95,16.801
96,22.014
97,14.052
98,12.740
99,51.770
100,13.761
101,16.642
102,22.776
103,15.314
104,14.580
105,44.064
106,13.537
107,14.101
108,20.000
109,12.322
110,14.663
111,51.680
112,14.354
113,14.351
114,19.259
115,11.627
116,13.866
117,35.539
118,11.642
119,12.698
120,19.136
121,11.493
122,11.822
123,51.536
124,13.622
125,12.448
126,18.526
127,14.506
128,12.265
129,35.580
130,11.484
131,11.753
132,21.174
133,14.247
134,13.355
135,36.192
136,15.001
137,11.632
138,18.502
139,11.452
140,11.727
141,35.577
142,11.268
143,11.665
144,17.187
145,11.396
146,14.251
147,53.084
148,16.480
149,13.944
150,20.040
151,11.776
152,15.259
153,49.892
154,12.053
155,11.639
156,16.486
157,11.519
158,12.840
159,36.870
160,11.098
161,11.656
162,17.683
163,12.112
164,11.864
165,38.228
166,13.012
167,15.792
168,17.774
169,11.226
170,12.593
171,36.231
172,12.673
173,12.576
174,20.103
175,10.783
176,13.060
177,35.904
178,11.421
179,12.076
180,16.788
181,11.818
182,12.980
183,35.959
184,11.539
185,11.481
186,24.698
187,12.692
188,11.625
189,35.607
190,11.638
191,12.322
192,16.827
193,11.068
194,17.447
195,35.333
196,12.461
197,11.659
198,24.105
199,12.167
200,12.756
201,36.616
202,10.867
203,11.246
204,18.133
205,11.563
206,12.704
207,68.162
208,15.845
209,17.341
210,22.371
211,19.137
212,24.774
213,82.837
214,19.912
215,31.597
216,33.922
217,31.032
218,32.613
219,98.700
220,36.453
221,42.535
222,44.599
223,37.450
224,47.262
225,132.890
226,51.024
227,50.092
228,52.537
229,45.641
230,58.495
231,108.058
232,44.407
233,46.230
234,48.563
235,45.782
236,49.172
237,86.754
238,29.360
239,31.643
240,20.543
241,11.781
242,15.280
243,73.189
244,12.935
245,13.614
246,51.036
247,12.273
248,14.278
249,67.726
250,11.761
251,13.244
252,64.460
253,11.719
254,13.422
255,73.498
256,11.154
257,11.783
258,50.788
259,13.219
260,14.706
261,67.915
262,14.167
263,14.274
264,54.541
265,15.252
266,18.444
267,85.335
268,14.266
269,16.352
270,53.200
271,13.516
272,13.826
273,67.051
274,12.773
275,11.860
276,37.190
277,11.501
278,13.105
279,67.403
280,12.696
281,12.903
282,37.515
283,12.589
284,13.491
285,67.344
286,11.849
287,13.245
288,54.031
289,14.291
290,13.955
291,67.918
292,12.811
293,13.310
294,37.306
295,11.893
296,15.477
297,66.452
298,12.163
299,12.155
300,17.848
301,12.478
302,14.060
303,52.208
304,12.376
305,12.586
306,20.317
307,11.205
308,13.029
309,53.079
310,12.355
311,12.893
312,18.440
313,11.354
314,12.800
315,37.149
316,12.084
317,12.618
318,18.974
319,11.635
320,12.445
321,34.991
322,12.241
323,12.523
324,18.514
325,12.016
326,12.642
327,35.843
328,11.276
329,11.823
330,21.421
331,11.384
332,14.778
333,36.916
334,11.582
335,13.034
336,17.193
337,10.903
338,12.293
339,36.114
340,10.921
341,11.663
342,16.010
343,12.957
344,12.832
345,36.419
346,12.028
347,12.727
348,16.535
349,10.586
350,11.501
351,37.719
352,15.219
353,12.972
354,18.619
355,17.394
356,17.415
357,35.681
358,11.797
359,13.884
360,18.266
361,11.276
362,14.961
363,51.198
364,14.108
365,12.322
366,16.434
367,13.218
368,13.392
369,38.027
370,13.257
371,12.958
372,17.417
373,12.014
374,13.500
375,37.469
376,12.638
377,11.963
378,19.773
379,11.624
380,12.015
381,37.579
382,12.023
383,11.328
384,16.297
385,11.852
386,12.295
387,36.534
388,12.013
389,13.645
390,21.515
391,14.239
392,13.443
393,37.808
394,12.868
395,12.151
396,17.962
397,12.033
398,13.823
399,36.901
400,12.698
