1,949.504
2,2127.137
3,876.604
4,48.979
5,22.267
6,13.101
7,10.265
8,8.814
9,30.492
10,7.499
11,8.791
12,8.629
13,9.112
14,8.960
15,7.632
16,8.409
17,6.502
18,6.186
19,7.829
20,8.738
21,8.457
22,10.509
23,6.255
24,8.474
25,7.093
26,9.298
27,10.067
28,8.766
29,8.711
30,8.202
31,9.122
32,8.386
33,8.330
34,8.168
35,7.990
36,6.498
37,8.502
38,8.455
39,8.138
40,7.554
41,7.428
42,6.221
43,7.578
44,6.735
45,7.813
46,5.521
47,5.897
48,6.174
49,5.433
50,5.507
51,5.218
52,6.326
53,6.158
54,8.282
55,8.490
56,7.569
57,6.370
58,6.481
59,6.406
60,136.407
61,13.531
62,8.613
63,13.391
64,10.383
65,9.449
66,7.227
67,6.406
68,6.544
69,8.846
70,7.851
71,7.241
72,6.369
73,7.244
74,5.600
75,6.644
76,6.474
77,5.519
78,4.886
79,5.393
80,6.321
81,6.265
82,4.551
83,5.438
84,5.912
85,7.654
86,5.231
87,5.775
88,5.448
89,17.074
90,9.523
91,10.976
92,5.584
93,6.086
94,6.498
95,6.626
96,15.133
97,7.726
98,7.025
99,6.149
100,6.313
101,5.286
102,5.722
103,6.012
104,6.137
105,5.535
106,5.795
107,6.512
108,4.927
109,5.861
110,7.206
111,4.737
112,6.199
113,6.266
114,6.857
115,7.270
116,8.272
117,7.242
118,6.564
119,5.777
120,6.679
121,5.985
122,5.051
123,4.816
124,4.925
125,7.370
126,5.537
127,5.246
128,5.948
129,5.833
130,5.342
131,6.200
132,4.819
133,5.522
134,4.784
135,5.139
136,5.922
137,5.864
138,6.246
139,4.877
140,5.139
