# x0 y0 z0 x1 y1 z1 label; inclusive block coordinates
-2148 8 -1806 -2112 15 -1790 lobby
-2118 1 -1498 -2102 8 -1482 base_red
-1598 1 -1533 -1582 8 -1517 base_blue
-1991 26 -1536 -1989 29 -1534 point_A_core
-1986 28 -1531 -1984 32 -1531 point_A_flag
-1981 27 -1535 -1981 27 -1535 point_A_ring_0
-1982 27 -1532 -1982 27 -1532 point_A_ring_1
-1984 27 -1529 -1984 27 -1529 point_A_ring_2
-1987 27 -1527 -1987 27 -1527 point_A_ring_3
-1990 27 -1526 -1990 27 -1526 point_A_ring_4
-1993 27 -1527 -1993 27 -1527 point_A_ring_5
-1996 27 -1529 -1996 27 -1529 point_A_ring_6
-1998 27 -1532 -1998 27 -1532 point_A_ring_7
-1999 27 -1535 -1999 27 -1535 point_A_ring_8
-1998 27 -1538 -1998 27 -1538 point_A_ring_9
-1996 27 -1541 -1996 27 -1541 point_A_ring_10
-1993 27 -1543 -1993 27 -1543 point_A_ring_11
-1990 27 -1544 -1990 27 -1544 point_A_ring_12
-1987 27 -1543 -1987 27 -1543 point_A_ring_13
-1984 27 -1541 -1984 27 -1541 point_A_ring_14
-1982 27 -1538 -1982 27 -1538 point_A_ring_15
-1858 0 -1542 -1856 3 -1540 point_B_core
-1853 2 -1537 -1851 6 -1537 point_B_flag
-1848 1 -1541 -1848 1 -1541 point_B_ring_0
-1849 1 -1538 -1849 1 -1538 point_B_ring_1
-1851 1 -1535 -1851 1 -1535 point_B_ring_2
-1854 1 -1533 -1854 1 -1533 point_B_ring_3
-1857 1 -1532 -1857 1 -1532 point_B_ring_4
-1860 1 -1533 -1860 1 -1533 point_B_ring_5
-1863 1 -1535 -1863 1 -1535 point_B_ring_6
-1865 1 -1538 -1865 1 -1538 point_B_ring_7
-1866 1 -1541 -1866 1 -1541 point_B_ring_8
-1865 1 -1544 -1865 1 -1544 point_B_ring_9
-1863 1 -1547 -1863 1 -1547 point_B_ring_10
-1860 1 -1549 -1860 1 -1549 point_B_ring_11
-1857 1 -1550 -1857 1 -1550 point_B_ring_12
-1854 1 -1549 -1854 1 -1549 point_B_ring_13
-1851 1 -1547 -1851 1 -1547 point_B_ring_14
-1849 1 -1544 -1849 1 -1544 point_B_ring_15
-1711 27 -1536 -1709 30 -1534 point_C_core
-1706 29 -1531 -1704 33 -1531 point_C_flag
-1701 28 -1535 -1701 28 -1535 point_C_ring_0
-1702 28 -1532 -1702 28 -1532 point_C_ring_1
-1704 28 -1529 -1704 28 -1529 point_C_ring_2
-1707 28 -1527 -1707 28 -1527 point_C_ring_3
-1710 28 -1526 -1710 28 -1526 point_C_ring_4
-1713 28 -1527 -1713 28 -1527 point_C_ring_5
-1716 28 -1529 -1716 28 -1529 point_C_ring_6
-1718 28 -1532 -1718 28 -1532 point_C_ring_7
-1719 28 -1535 -1719 28 -1535 point_C_ring_8
-1718 28 -1538 -1718 28 -1538 point_C_ring_9
-1716 28 -1541 -1716 28 -1541 point_C_ring_10
-1713 28 -1543 -1713 28 -1543 point_C_ring_11
-1710 28 -1544 -1710 28 -1544 point_C_ring_12
-1707 28 -1543 -1707 28 -1543 point_C_ring_13
-1704 28 -1541 -1704 28 -1541 point_C_ring_14
-1702 28 -1538 -1702 28 -1538 point_C_ring_15
-1677 0 -1661 -1675 3 -1659 point_D_core
-1672 2 -1656 -1670 6 -1656 point_D_flag
-1667 1 -1660 -1667 1 -1660 point_D_ring_0
-1668 1 -1657 -1668 1 -1657 point_D_ring_1
-1670 1 -1654 -1670 1 -1654 point_D_ring_2
-1673 1 -1652 -1673 1 -1652 point_D_ring_3
-1676 1 -1651 -1676 1 -1651 point_D_ring_4
-1679 1 -1652 -1679 1 -1652 point_D_ring_5
-1682 1 -1654 -1682 1 -1654 point_D_ring_6
-1684 1 -1657 -1684 1 -1657 point_D_ring_7
-1685 1 -1660 -1685 1 -1660 point_D_ring_8
-1684 1 -1663 -1684 1 -1663 point_D_ring_9
-1682 1 -1666 -1682 1 -1666 point_D_ring_10
-1679 1 -1668 -1679 1 -1668 point_D_ring_11
-1676 1 -1669 -1676 1 -1669 point_D_ring_12
-1673 1 -1668 -1673 1 -1668 point_D_ring_13
-1670 1 -1666 -1670 1 -1666 point_D_ring_14
-1668 1 -1663 -1668 1 -1663 point_D_ring_15
-2081 0 -1379 -2079 3 -1377 point_E_core
-2076 2 -1374 -2074 6 -1374 point_E_flag
-2071 1 -1378 -2071 1 -1378 point_E_ring_0
-2072 1 -1375 -2072 1 -1375 point_E_ring_1
-2074 1 -1372 -2074 1 -1372 point_E_ring_2
-2077 1 -1370 -2077 1 -1370 point_E_ring_3
-2080 1 -1369 -2080 1 -1369 point_E_ring_4
-2083 1 -1370 -2083 1 -1370 point_E_ring_5
-2086 1 -1372 -2086 1 -1372 point_E_ring_6
-2088 1 -1375 -2088 1 -1375 point_E_ring_7
-2089 1 -1378 -2089 1 -1378 point_E_ring_8
-2088 1 -1381 -2088 1 -1381 point_E_ring_9
-2086 1 -1384 -2086 1 -1384 point_E_ring_10
-2083 1 -1386 -2083 1 -1386 point_E_ring_11
-2080 1 -1387 -2080 1 -1387 point_E_ring_12
-2077 1 -1386 -2077 1 -1386 point_E_ring_13
-2074 1 -1384 -2074 1 -1384 point_E_ring_14
-2072 1 -1381 -2072 1 -1381 point_E_ring_15
-1931 1 -1311 -1929 3 -1309 cache_0
-1866 1 -1301 -1864 3 -1299 cache_1
-1791 1 -1301 -1789 3 -1299 cache_2
-1761 1 -1261 -1759 3 -1259 cache_3
-1761 1 -1191 -1759 3 -1189 cache_4
-1836 1 -1181 -1834 3 -1179 cache_5
-1911 1 -1191 -1909 3 -1189 cache_6
-1956 1 -1261 -1954 3 -1259 cache_7
-2016 1 -1511 -2014 3 -1509 cache_8
-1836 1 -1516 -1834 3 -1514 cache_9
-1656 1 -1511 -1654 3 -1509 cache_10
-1661 1 -1681 -1659 3 -1679 cache_11
-2061 1 -1381 -2059 3 -1379 cache_12
-1785 1 -1678 -1783 3 -1676 cache_13
-1827 1 -1650 -1825 3 -1648 cache_14
-1603 1 -1650 -1601 3 -1648 cache_15
-1785 1 -1622 -1783 3 -1620 cache_16
-1939 1 -1594 -1937 3 -1592 cache_17
-1603 1 -1594 -1601 3 -1592 cache_18
-1869 1 -1566 -1867 3 -1564 cache_19
-1729 1 -1566 -1727 3 -1564 cache_20
-1645 1 -1566 -1643 3 -1564 cache_21
-1939 1 -1538 -1937 3 -1536 cache_22
-1659 1 -1538 -1657 3 -1536 cache_23
-1869 1 -1510 -1867 3 -1508 cache_24
-1771 1 -1482 -1769 3 -1480 cache_25
-2079 1 -1426 -2077 3 -1424 cache_26
-1995 1 -1426 -1993 3 -1424 cache_27
-1911 1 -1426 -1909 3 -1424 cache_28
-1827 1 -1426 -1825 3 -1424 cache_29
-1743 1 -1426 -1741 3 -1424 cache_30
-1659 1 -1426 -1657 3 -1424 cache_31
-2116 1 -1403 -2114 3 -1401 cache_32
-2037 1 -1398 -2035 3 -1396 cache_33
-1953 1 -1398 -1951 3 -1396 cache_34
-1869 1 -1398 -1867 3 -1396 cache_35
-1785 1 -1398 -1783 3 -1396 cache_36
-1696 1 -1403 -1694 3 -1401 cache_37
-1612 1 -1403 -1610 3 -1401 cache_38
-1995 1 -1370 -1993 3 -1368 cache_39
-2065 1 -1342 -2063 3 -1340 cache_40
-1953 1 -1342 -1951 3 -1340 cache_41
-2051 1 -1314 -2049 3 -1312 cache_42
-2065 1 -1286 -2063 3 -1284 cache_43
-1934 1 -1263 -1932 3 -1261 cache_44
-1939 1 -1202 -1937 3 -1200 cache_45
-1883 1 -1650 -1881 3 -1648 cache_46
-1855 1 -1650 -1853 3 -1648 cache_47
-1743 1 -1650 -1741 3 -1648 cache_48
-1659 1 -1650 -1657 3 -1648 cache_49
-1925 1 -1622 -1923 3 -1620 cache_50
-1808 1 -1627 -1806 3 -1625 cache_51
-1729 1 -1632 -1727 3 -1630 cache_52
-1967 1 -1594 -1965 3 -1592 cache_53
-1799 1 -1594 -1797 3 -1592 cache_54
-1743 1 -1594 -1741 3 -1592 cache_55
-2009 1 -1566 -2007 3 -1564 cache_56
-1981 1 -1566 -1979 3 -1564 cache_57
-1813 1 -1566 -1811 3 -1564 cache_58
-1785 1 -1566 -1783 3 -1564 cache_59
-1701 1 -1566 -1699 3 -1564 cache_60
-1673 1 -1566 -1671 3 -1564 cache_61
-1617 1 -1566 -1615 3 -1564 cache_62
-1967 1 -1538 -1965 3 -1536 cache_63
-1771 1 -1538 -1769 3 -1536 cache_64
-1743 1 -1538 -1741 3 -1536 cache_65
-1603 1 -1538 -1601 3 -1536 cache_66
-2093 1 -1510 -2091 3 -1508 cache_67
-1813 1 -1510 -1811 3 -1508 cache_68
-1678 1 -1515 -1676 3 -1513 cache_69
-1612 1 -1515 -1610 3 -1513 cache_70
-1939 1 -1482 -1937 3 -1480 cache_71
-1603 1 -1482 -1601 3 -1480 cache_72
-2093 1 -1454 -2091 3 -1452 cache_73
-2051 1 -1426 -2049 3 -1424 cache_74
-2023 1 -1426 -2021 3 -1424 cache_75
-1967 1 -1426 -1965 3 -1424 cache_76
-1939 1 -1426 -1937 3 -1424 cache_77
-1883 1 -1426 -1881 3 -1424 cache_78
-1855 1 -1426 -1853 3 -1424 cache_79
-1859 1 -1631 -1857 4 -1629 advanced_北区
-1844 1 -1411 -1842 4 -1409 advanced_南区
-1992 27 -1555 -1988 27 -1544 roof_A_dive
-1995 -1 -1565 -1985 2 -1555 roof_A_pool
-1992 0 -1570 -1988 4 -1566 roof_A_launcher
-1712 28 -1555 -1708 28 -1544 roof_C_dive
-1715 -1 -1565 -1705 2 -1555 roof_C_pool
-1712 0 -1570 -1708 4 -1566 roof_C_launcher
